Subject,Session,COND,Warn,IT_CONG_C,IT_CONG_D,IT_CONG_I,IT_CONG_M,IT_NEU_C,IT_NEU_D,IT_NEU_I,IT_NEU_M,IT_MI_C,IT_MI_D,IT_MI_I,IT_MI_M,CONG_C,CONG_I,CONG_M,NEU_C,NEU_I,NEU_M,MI_C,MI_I,MI_M,Misinfo_Effect,IT_CONG_C_Conf,IT_CONG_D_Conf,IT_CONG_I_Conf,IT_CONG_M_Conf,IT_NEU_C_Conf,IT_NEU_D_Conf,IT_NEU_I_Conf,IT_NEU_M_Conf,IT_MI_C_Conf,IT_MI_D_Conf,IT_MI_I_Conf,IT_MI_M_Conf,FT_CONG_C_Conf,FT_CONG_I_Conf,FT_CONG_M_Conf,FT_NEU_C_Conf,FT_NEU_I_Conf,FT_NEU_M_Conf,FT_MI_C_Conf,FT_MI_I_Conf,FT_MI_M_Conf,IT_Conf_1Q,IT_Conf_2Q,IT_Conf_3Q,IT_Conf_4Q,IT_Cong_Conf_1Q,IT_Cong_Conf_2Q,IT_Cong_Conf_3Q,IT_Cong_Conf_4Q,IT_Neu_Conf_1Q,IT_Neu_Conf_2Q,IT_Neu_Conf_3Q,IT_Neu_Conf_4Q,IT_Misl_Conf_1Q,IT_Misl_Conf_2Q,IT_Misl_Conf_3Q,IT_Misl_Conf_4Q,FT_Cong_Conf_1Q,FT_Cong_Conf_2Q,FT_Cong_Conf_3Q,FT_Cong_Conf_4Q,FT_Neu_Conf_1Q,FT_Neu_Conf_2Q,FT_Neu_Conf_3Q,FT_Neu_Conf_4Q,FT_Misl_Conf_1Q,FT_Misl_Conf_2Q,FT_Misl_Conf_3Q,FT_Misl_Conf_4Q,IT_Acc_ITConf_1Q,IT_Acc_ITConf_2Q,IT_Acc_ITConf_3Q,IT_Acc_ITConf_4Q,FTCongAcc_FTConf1Q,FTCongAcc_FTConf2Q,FTCongAcc_FTConf3Q,FTCongAcc_FTConf4Q,FTNeuAcc_FTConf1Q,FTNeuAcc_FTConf2Q,FTNeuAcc_FTConf3Q,FTNeuAcc_FTConf4Q,FTMislAcc_FTConf1Q,FTMislAcc_FTConf2Q,FTMislAcc_FTConf3Q,FTMislAcc_FTConf4Q,FTCongAcc_ITConf1Q,FTCongAcc_ITConf2Q,FTCongAcc_ITConf3Q,FTCongAcc_ITConf4Q,FTNeuAcc_ITConf1Q,FTNeuAcc_ITConf2Q,FTNeuAcc_ITConf3Q,FTNeuAcc_ITConf4Q,FTMislAcc_ITConf1Q,FTMislAcc_ITConf2Q,FTMislAcc_ITConf3Q,FTMislAcc_ITConf4Q
100,1,NT,NW,,,,,,,,,,,,,0.50,0.50,0.00,0.75,0.13,0.13,0.63,0.13,0.25,0.13,,,,,,,,,,,,,100,39,,84,0,75,58,20,93,,,,,,,,,,,,,,,,,12.5,65,100,100,12.5,77.5,100,100,15,52.5,80,100,,,,,0,0,1,1,0.5,0.5,1,1,0.5,1,0.5,0.5,,,,,,,,,,,,
101,2,NT,NW,,,,,,,,,,,,,0.50,0.38,0.13,0.50,0.25,0.25,0.75,0.13,0.13,-0.13,,,,,,,,,,,,,75,33,,88,75,50,61,100,100,,,,,,,,,,,,,,,,,25,50,75,100,50,50,100,100,27.5,75,100,100,,,,,0,0.5,1,0.5,0,0.5,0.5,1,1,0.5,1,0.5,,,,,,,,,,,,
102,3,NT,NW,,,,,,,,,,,,,0.88,0.13,0.00,0.38,0.50,0.13,0.63,0.13,0.25,0.13,,,,,,,,,,,,,82,50,,100,6,,90,0,75,,,,,,,,,,,,,,,,,25.5,87.5,100,100,0,12.5,100,,25,75,100,100,,,,,0.5,1,1,1,0,0,1,0.5,0.5,0.5,1,0.5,,,,,,,,,,,,
103,1,NT,NW,,,,,,,,,,,,,1.00,0.00,0.00,1.00,0.00,0.00,0.25,0.00,0.75,0.75,,,,,,,,,,,,,100,,,93,,,75,,100,,,,,,,,,,,,,,,,,100,100,100,100,70,100,100,100,75,100,100,100,,,,,1,1,1,1,1,1,1,1,1,0,0,0,,,,,,,,,,,,
104,2,NT,NW,,,,,,,,,,,,,0.75,0.25,0.00,0.75,0.25,0.00,0.50,0.00,0.50,0.50,,,,,,,,,,,,,95,16,,58,95,,78,,25,,,,,,,,,,,,,,,,,16,85,100,100,14.5,55,99,100,0,25,80,100,,,,,0,1,1,1,1,0.5,1,0.5,0,0.5,1,0.5,,,,,,,,,,,,
105,3,NT,NW,,,,,,,,,,,,,0.75,0.25,0.00,0.50,0.50,0.00,0.75,0.00,0.25,0.25,,,,,,,,,,,,,79,50,,52,31,,75,,0,,,,,,,,,,,,,,,,,37.5,50,100,100,0,28.5,62.5,75,0,37.5,87.5,100,,,,,0.5,0.5,1,1,0,0.5,1,0.5,0,1,1,1,,,,,,,,,,,,
106,1,NT,NW,,,,,,,,,,,,,1.00,0.00,0.00,0.63,0.38,0.00,0.38,0.25,0.38,0.38,,,,,,,,,,,,,100,,,62,0,,100,50,83,,,,,,,,,,,,,,,,,100,100,100,100,0,0,55,100,25,100,100,100,,,,,1,1,1,1,0,0.5,1,1,0,0.5,0.5,0.5,,,,,,,,,,,,
107,2,NT,NW,,,,,,,,,,,,,0.63,0.38,0.00,0.38,0.50,0.13,0.38,0.13,0.50,0.38,,,,,,,,,,,,,72,47,,51,68,50,100,80,88,,,,,,,,,,,,,,,,,5.5,55,90,100,25.5,50,85,100,65,100,100,100,,,,,0.5,0.5,0.5,1,0.5,0,0,1,0,0.5,0.5,0.5,,,,,,,,,,,,
108,3,NT,NW,,,,,,,,,,,,,1.00,0.00,0.00,0.50,0.25,0.25,0.50,0.25,0.25,0.00,,,,,,,,,,,,,98,,,81,45,48,91,45,50,,,,,,,,,,,,,,,,,95,97.5,100,100,40,47.5,72.5,95,47.5,85,97.5,,,,,,1,1,1,1,0.5,0,0.5,1,0,1,1,0,,,,,,,,,,,,
109,1,NT,NW,,,,,,,,,,,,,1.00,0.00,0.00,0.88,0.00,0.13,0.63,0.13,0.25,0.13,,,,,,,,,,,,,100,,,93,,100,100,50,100,,,,,,,,,,,,,,,,,100,100,100,100,75,100,100,100,75,100,100,100,,,,,1,1,1,1,1,1,1,0.5,0,1,0.5,1,,,,,,,,,,,,
110,2,NT,NW,,,,,,,,,,,,,0.63,0.38,0.00,0.63,0.38,0.00,0.38,0.00,0.63,0.63,,,,,,,,,,,,,100,25,,82,20,,50,,92,,,,,,,,,,,,,,,,,12.5,75,100,100,5,50,80,100,35,95,100,100,,,,,0,0.5,1,1,0,0.5,1,1,0.5,0,0,1,,,,,,,,,,,,
112,1,NT,NW,,,,,,,,,,,,,0.63,0.38,0.00,0.38,0.50,0.13,0.88,0.13,0.00,-0.13,,,,,,,,,,,,,74,93,,100,58,80,84,70,,,,,,,,,,,,,,,,,,50,75,100,100,40,75,90,100,50,85,95,100,,,,,1,0.5,0.5,0.5,0,0,0.5,1,0.5,1,1,1,,,,,,,,,,,,
114,3,NT,NW,,,,,,,,,,,,,0.88,0.00,0.13,1.00,0.00,0.00,0.75,0.13,0.13,0.13,,,,,,,,,,,,,92,,90,58,,,93,25,25,,,,,,,,,,,,,,,,,70,100,100,100,0,37.5,92.5,100,25,80,100,100,,,,,0.5,1,1,1,1,1,1,1,0,1,1,1,,,,,,,,,,,,
116,2,NT,NW,,,,,,,,,,,,,0.75,0.13,0.13,0.75,0.13,0.13,0.50,0.25,0.25,0.13,,,,,,,,,,,,,87,20,3,73,50,0,87,35,78,,,,,,,,,,,,,,,,,11.5,62.5,99.5,100,0.5,55,87.5,100,35,62.5,89.5,100,,,,,0,1,1,1,0.5,0.5,1,1,0,0.5,0.5,1,,,,,,,,,,,,
117,3,NT,NW,,,,,,,,,,,,,1.00,0.00,0.00,0.38,0.38,0.25,0.50,0.00,0.50,0.25,,,,,,,,,,,,,79,,,57,47,38,76,,52,,,,,,,,,,,,,,,,,47.5,85,90,95,22.5,40,55,75,27.5,67.5,90,90,,,,,1,1,1,1,0.5,0,0.5,0.5,0.5,0.5,0.5,0.5,,,,,,,,,,,,
118,1,NT,NW,,,,,,,,,,,,,0.50,0.38,0.13,0.88,0.13,0.00,0.25,0.25,0.50,0.50,,,,,,,,,,,,,80,60,90,74,100,,70,85,78,,,,,,,,,,,,,,,,,30,70,95,100,28.5,80,100,100,45,80,85,100,,,,,0.5,0,0.5,1,1,0.5,1,1,0.5,0.5,0,0,,,,,,,,,,,,
119,2,NT,NW,,,,,,,,,,,,,0.88,0.13,0.00,0.75,0.13,0.13,0.63,0.13,0.25,0.13,,,,,,,,,,,,,82,100,,69,75,0,99,5,100,,,,,,,,,,,,,,,,,37.5,100,100,100,5,50,90,100,50,100,100,100,,,,,1,1,1,0.5,0.5,0.5,1,1,0.5,0.5,0.5,1,,,,,,,,,,,,
120,3,NT,NW,,,,,,,,,,,,,1.00,0.00,0.00,0.50,0.25,0.25,0.38,0.13,0.50,0.25,,,,,,,,,,,,,79,,,88,30,70,73,100,100,,,,,,,,,,,,,,,,,37.5,80,100,100,25,55,95,100,60,100,100,100,,,,,1,1,1,1,0,0.5,0.5,1,1,0.5,0,0,,,,,,,,,,,,
121,1,NT,NW,,,,,,,,,,,,,0.88,0.13,0.00,0.88,0.00,0.13,0.38,0.13,0.50,0.38,,,,,,,,,,,,,96,70,,96,,100,63,0,47,,,,,,,,,,,,,,,,,82.5,95,95,100,87.5,100,100,100,0,4.5,87.5,97.5,,,,,0.5,1,1,1,1,0.5,1,1,0.5,0,0.5,0.5,,,,,,,,,,,,
122,2,NT,NW,,,,,,,,,,,,,0.88,0.00,0.13,0.38,0.50,0.13,0.75,0.00,0.25,0.13,,,,,,,,,,,,,89,,100,100,85,9,99,,88,,,,,,,,,,,,,,,,,65,95,100,100,29.5,95,100,100,87.5,97.5,100,100,,,,,1,1,1,0.5,0,0,1,0.5,0.5,0.5,1,1,,,,,,,,,,,,
123,3,NT,NW,,,,,,,,,,,,,0.88,0.00,0.13,0.63,0.13,0.25,0.25,0.13,0.63,0.38,,,,,,,,,,,,,88,,0,32,78,60,23,,97,,,,,,,,,,,,,,,,,30,90,100,,3.5,30,70,74.5,22.5,94.5,100,,,,,,0.5,1,1,1,1,0.5,0.5,0.5,1,0,0,0,,,,,,,,,,,,
124,1,NT,NW,,,,,,,,,,,,,1.00,0.00,0.00,0.50,0.25,0.25,0.38,0.00,0.63,0.38,,,,,,,,,,,,,86,,,80,25,30,40,,70,,,,,,,,,,,,,,,,,50,94.5,100,100,15,55,80,100,20,50,80,85,,,,,1,1,1,1,0,0.5,1,0.5,1,0,0.5,0,,,,,,,,,,,,
125,2,NT,NW,,,,,,,,,,,,,0.63,0.38,0.00,0.63,0.38,0.00,0.63,0.25,0.13,0.13,,,,,,,,,,,,,86,30,,98,85,,77,35,100,,,,,,,,,,,,,,,,,15,55,90,100,77.5,94,100,100,15,62.5,100,100,,,,,0,0.5,1,1,0,0.5,1,1,0.5,0.5,1,0.5,,,,,,,,,,,,
126,3,NT,NW,,,,,,,,,,,,,0.63,0.25,0.13,0.75,0.25,0.00,0.38,0.00,0.63,0.63,,,,,,,,,,,,,96,38,0,37,5,,75,,80,,,,,,,,,,,,,,,,,12.5,65,100,100,0,7.5,32.5,75,32.5,80,100,100,,,,,0,0.5,1,1,0.5,0.5,1,1,0.5,0,0.5,0.5,,,,,,,,,,,,
127,1,NT,NW,,,,,,,,,,,,,0.63,0.25,0.13,0.63,0.38,0.00,0.50,0.38,0.13,0.13,,,,,,,,,,,,,88,30,80,80,63,,50,23,75,,,,,,,,,,,,,,,,,25,70,95,100,25.5,87.5,100,100,0,5.5,67.5,100,,,,,0.5,0,1,1,0.5,0.5,1,0.5,0.5,0.5,0,1,,,,,,,,,,,,
129,3,NT,NW,,,,,,,,,,,,,0.75,0.25,0.00,0.63,0.25,0.13,0.63,0.25,0.13,0.00,,,,,,,,,,,,,92,55,,79,48,10,90,50,50,,,,,,,,,,,,,,,,,30,100,100,100,15,47.5,87.5,100,50,50,100,100,,,,,0.5,1,0.5,1,0.5,0.5,0.5,1,0,0.5,1,1,,,,,,,,,,,,
130,1,NT,NW,,,,,,,,,,,,,0.63,0.13,0.25,0.63,0.25,0.13,0.25,0.38,0.38,0.25,,,,,,,,,,,,,82,70,3,77,25,51,60,67,24,,,,,,,,,,,,,,,,,3,61,79,100,13.5,40.5,90,100,20,41.5,55.5,100,,,,,0,0.5,1,1,0.5,0,1,1,0,0,0.5,0.5,,,,,,,,,,,,
131,2,NT,NW,,,,,,,,,,,,,0.75,0.13,0.13,0.38,0.63,0.00,0.63,0.13,0.25,0.25,,,,,,,,,,,,,100,80,100,100,56,,95,0,100,,,,,,,,,,,,,,,,,90,100,100,100,0,90,100,100,40,100,100,100,,,,,0.5,1,0.5,1,0,0.5,0,1,0.5,0.5,0.5,1,,,,,,,,,,,,
132,3,NT,NW,,,,,,,,,,,,,0.75,0.13,0.13,0.63,0.13,0.25,0.50,0.13,0.38,0.13,,,,,,,,,,,,,68,100,0,40,0,10,90,60,73,,,,,,,,,,,,,,,,,0,55,100,100,0,5,15,90,60,70,90,100,,,,,0.5,1,0.5,1,0.5,0.5,0.5,1,0,0.5,0.5,1,,,,,,,,,,,,
300,1,T,NW,0.50,0.00,0.50,0.00,0.75,0.00,0.25,0.00,0.63,0.00,0.38,0.00,1.00,0.00,0.00,0.75,0.25,0.00,0.25,0.13,0.63,0.63,80,,55,,83,,3,,58,,0,,90,,,83,65,,45,0,84,22.0,49.3,80.0,96.0,60.0,70.0,90.0,90.0,6.0,70.0,80.0,99.0,0.0,8.0,70.0,99.0,80,90,90,100,60,75,85,94.5,0,75,90,90,0.00,0.67,1.00,0.83,1,1,1,1,0.5,0.5,1,1,0.5,0,0,0.5,1,1,1,1,0,1,1,1,0,0,0.5,0.5
301,2,T,NW,0.38,0.50,0.13,0.00,0.50,0.50,0.00,0.00,0.25,0.50,0.13,0.13,1.00,0.00,0.00,0.50,0.38,0.13,0.25,0.13,0.63,0.50,97,0,50,,88,,,,100,,99,65,100,,,75,93,100,100,80,96,82.7,100.0,,,50.0,100.0,,,99.0,,,,99.0,100.0,,,100,100,100,100,40,100,100,100,80,100,100,100,0.33,1.00,0.17,0.00,1,1,1,1,0.5,1,0,0.5,0,0.5,0.5,0,1,1,1,1,1,0.5,0.5,0,0,1,0,0
302,3,T,NW,0.13,0.13,0.63,0.13,0.38,0.00,0.50,0.13,0.38,0.00,0.63,0.00,1.00,0.00,0.00,0.50,0.38,0.13,0.00,0.13,0.88,0.75,100,,67,40,100,,63,50,93,,57,,88,,,75,40,50,,0,77,44.3,84.0,100.0,100.0,78.0,100.0,,,50.0,72.0,100.0,100.0,5.0,80.0,100.0,100.0,50.5,100,100,100,0.5,35,100,100,10,70,100,100,0.00,0.33,0.50,0.33,1,1,1,1,0.5,0,1,0.5,0,0,0,0,1,1,1,1,0,0.5,0.5,1,0,0,0,0
304,2,T,NW,0.38,0.25,0.38,0.00,0.50,0.13,0.38,0.00,0.13,0.13,0.75,0.00,0.88,0.00,0.13,0.63,0.25,0.13,0.38,0.25,0.38,0.25,87,0,47,,97,,70,,80,0,68,,96,,60,100,70,40,87,80,100,43.3,68.3,86.7,100.0,0.0,40.0,80.0,100.0,90.0,100.0,100.0,,40.0,65.0,80.0,,67.5,100,100,100,40,100,100,100,60,100,100,100,0.17,0.33,0.33,0.50,0.5,1,1,1,0,0.5,1,1,0.5,0.5,0.5,0,1,0.5,1,1,1,1,0,0.5,0,0.5,0.5,0.5
305,3,T,NW,0.50,0.00,0.50,0.00,0.50,0.13,0.38,0.00,0.38,0.13,0.50,0.00,0.88,0.13,0.00,0.38,0.50,0.13,0.13,0.13,0.75,0.63,60,,35,,63,0,33,,83,100,23,,83,0,,83,15,0,100,0,83,6.7,43.3,70.0,100.0,20.0,30.0,60.0,100.0,0.0,50.0,50.0,100.0,0.0,50.0,100.0,100.0,25,75,100,100,0,5,50,100,0,100,100,100,0.33,0.33,0.33,0.83,0.5,1,1,1,0,0,0.5,1,0,0,0,0.5,0.5,1,1,1,0,0,0.5,1,0,0,0,0.5
306,1,T,NW,0.63,0.00,0.38,0.00,0.50,0.00,0.50,0.00,0.50,0.00,0.38,0.13,0.88,0.13,0.00,0.63,0.25,0.13,0.13,0.00,0.88,0.75,90,,60,,86,,24,,89,,45,60,100,100,,74,50,0,5,,97,33.3,75.0,95.0,100.0,50.0,100.0,100.0,100.0,0.0,50.0,95.0,100.0,50.0,75.0,90.0,100.0,100,100,100,100,0,35,100,100,47.5,95,100,100,0.17,0.50,0.67,0.83,1,1,1,0.5,0,1,1,0.5,0.5,0,0,0,1,1,1,0.5,0,1,0.5,1,0.5,0,0,0
307,2,T,NW,0.13,0.00,0.63,0.25,0.13,0.00,0.88,0.00,0.13,0.00,0.88,0.00,0.50,0.38,0.13,0.38,0.63,0.00,0.50,0.38,0.13,0.13,6,,3,1,8,,2,,3,,2,,100,33,5,100,35,,36,33,100,0.3,1.3,4.3,7.0,1.0,2.0,3.0,8.0,0.0,2.0,5.0,,0.0,0.0,5.0,6.0,0,52.5,100,100,2.5,100,100,,0,3.5,100,100,0.00,0.00,0.17,0.33,0,0.5,0.5,1,0,0.5,1,0,0,1,0.5,0.5,0.5,0.5,0.5,0.5,0,0,1,0.5,0.5,0.5,0.5,0.5
308,3,T,NW,0.75,0.00,0.25,0.00,0.50,0.00,0.38,0.13,0.63,0.00,0.38,0.00,1.00,0.00,0.00,0.63,0.25,0.13,0.50,0.13,0.38,0.25,100,,55,,100,,17,0,95,,42,,97,,,84,40,75,100,40,80,50.0,75.0,100.0,100.0,100.0,100.0,100.0,100.0,0.0,50.0,100.0,100.0,50.0,75.0,100.0,100.0,87.5,100,100,100,30,57.5,100,100,45,95,100,100,0.17,0.50,1.00,0.83,1,1,1,1,0.5,0,1,1,0,0.5,1,0.5,1,1,1,1,0.5,0,1,1,0,0,1,1
309,1,T,NW,0.63,0.00,0.38,0.00,0.88,0.00,0.00,0.13,0.25,0.00,0.50,0.25,1.00,0.00,0.00,0.88,0.13,0.00,0.13,0.00,0.88,0.88,95,,83,,86,,,0,63,,13,25,100,,,86,50,,50,,100,42.0,66.7,75.0,100.0,75.0,100.0,100.0,100.0,50.0,75.0,100.0,100.0,1.0,25.0,25.0,100.0,100,100,100,100,50,75,100,100,75,100,100,100,0.33,0.83,0.50,0.67,1,1,1,1,0.5,1,1,1,0.5,0,0,0,1,1,1,1,0.5,1,1,1,0.5,0,0,0
310,2,T,NW,0.38,0.13,0.50,0.00,0.25,0.38,0.38,0.00,0.38,0.25,0.38,0.00,0.88,0.13,0.00,0.50,0.25,0.25,0.50,0.00,0.50,0.25,53,0,20,,95,0,57,,67,0,40,,81,60,,80,20,40,83,,100,0.0,33.3,56.7,100.0,0.0,20.0,40.0,100.0,0.0,50.0,70.0,100.0,0.0,30.0,60.0,100.0,55,60,100,100,5,25,90,100,65,100,100,100,0.00,0.33,0.17,0.83,1,0.5,1,1,0,0.5,0.5,1,1,0.5,0,0.5,0.5,1,1,1,0.5,0,0.5,1,0.5,0,0.5,1
311,3,T,NW,0.63,0.00,0.38,0.00,0.25,0.25,0.38,0.13,0.50,0.00,0.50,0.00,1.00,0.00,0.00,0.63,0.25,0.13,0.63,0.25,0.13,0.00,67,,17,,100,0,20,100,93,,34,,71,,,58,0,50,100,75,20,3.3,36.7,96.7,100.0,0.0,30.0,90.0,100.0,0.0,10.0,100.0,100.0,10.0,70.0,100.0,100.0,22.5,60,100,100,0,45,75,100,35,100,100,100,0.17,0.33,0.67,0.67,1,1,1,1,0.5,0.5,1,0.5,0,0.5,1,1,1,1,1,1,0,1,1,0.5,0,1,1,0.5
312,1,T,NW,0.50,0.00,0.50,0.00,0.50,0.00,0.25,0.25,0.63,0.13,0.25,0.00,0.88,0.13,0.00,0.63,0.00,0.38,0.63,0.00,0.38,0.00,7,,2,,8,,0,3,3,0,0,,9,0,,7,,4,3,,8,0.0,2.7,5.7,8.7,0.0,3.0,7.0,9.0,0.0,5.0,8.0,9.0,0.0,0.0,2.0,8.0,3,9,9,9,1,5.5,9,9,1,3.5,6,8.5,0.17,0.33,0.67,1.00,0.5,1,1,1,0.5,0.5,1,0.5,1,1,0.5,0,1,1,0.5,1,0,0.5,1,1,1,0.5,0.5,0.5
313,2,T,NW,0.25,0.00,0.75,0.00,0.50,0.00,0.50,0.00,0.50,0.13,0.38,0.00,1.00,0.00,0.00,0.75,0.25,0.00,0.50,0.13,0.38,0.38,20,,15,,58,,0,,78,0,3,,80,,,71,20,,48,80,100,0.0,6.0,48.3,90.0,0.0,0.0,10.0,80.0,0.0,8.0,75.0,,0.0,10.0,60.0,100.0,40,80,100,100,10,32.5,90,100,16.5,70,100,100,0.17,0.17,0.67,0.67,1,1,1,1,0.5,0.5,1,1,1,0.5,0.5,0,1,1,1,1,0.5,1,1,0.5,0.5,0.5,0.5,0.5
314,3,T,NW,0.38,0.25,0.38,0.00,0.50,0.00,0.50,0.00,0.38,0.13,0.38,0.13,0.75,0.25,0.00,0.75,0.25,0.00,0.25,0.13,0.63,0.63,99,0,12,,70,,50,,100,0,45,0,76,40,,59,53,,70,3,90,3.3,41.7,91.0,99.3,0.0,10.0,99.0,99.0,10.0,60.0,75.0,99.0,0.0,55.0,99.0,100.0,3.5,80,85,100,17.5,40,77.5,95,31.5,80,90,100,0.17,0.00,0.50,1.00,0.5,1,0.5,1,0.5,1,1,0.5,0.5,0.5,0,0,0,1,1,1,1,0.5,0.5,1,0,0.5,0.5,0
316,2,T,NW,0.25,0.13,0.63,0.00,0.50,0.00,0.50,0.00,0.25,0.00,0.63,0.13,0.75,0.13,0.13,0.75,0.25,0.00,0.50,0.00,0.50,0.50,100,0,18,,75,,26,,100,,9,25,78,50,50,71,25,,80,,70,1.7,15.0,91.7,100.0,0.0,5.0,75.0,100.0,5.0,15.0,100.0,100.0,0.0,25.0,100.0,,30,52.5,100,100,16,32.5,90,100,40,72.5,87.5,100,0.17,0.00,0.33,0.83,0.5,0.5,1,1,0.5,0.5,1,1,0.5,0.5,0.5,0.5,0.5,1,0.5,1,1,0.5,0.5,1,0,0.5,0.5,1
317,3,T,NW,1.00,0.00,0.00,0.00,0.75,0.13,0.13,0.00,0.88,0.00,0.13,0.00,0.88,0.13,0.00,0.88,0.13,0.00,0.13,0.00,0.88,0.88,100,,,,100,0,0,,100,,,,100,100,,100,100,,100,,100,66.7,99.7,100.0,100.0,100.0,100.0,100.0,,0.0,99.0,100.0,100.0,100.0,100.0,100.0,,100,100,100,100,100,100,100,100,100,100,100,100,0.67,1.00,1.00,0.83,0.5,1,1,1,0.5,1,1,1,0,0.5,0,0,1,1,0.5,1,0.5,1,1,1,0,0.5,0,0
318,1,T,NW,0.25,0.00,0.75,0.00,0.63,0.00,0.25,0.13,0.63,0.13,0.00,0.25,0.88,0.13,0.00,0.75,0.13,0.13,0.00,0.00,1.00,0.88,75,,3,,62,,100,0,60,0,,25,97,9,,60,80,0,,,69,16.7,30.0,59.7,100.0,0.0,0.0,20.0,100.0,50.0,50.0,100.0,100.0,0.0,40.0,59.0,100.0,44.5,100,100,100,0,55,70,95,4.5,70,100,100,0.17,0.67,0.50,0.67,0.5,1,1,1,0.5,1,0.5,1,0,0,0,0,0.5,1,1,1,0.5,1,1,0.5,0,0,0,0
319,2,T,NW,0.38,0.13,0.50,0.00,0.38,0.13,0.50,0.00,0.38,0.13,0.50,0.00,0.75,0.13,0.13,0.88,0.13,0.00,0.50,0.13,0.38,0.38,67,0,26,,100,,56,,75,0,50,,64,0,0,74,0,,71,25,58,16.7,58.3,83.3,100.0,0.0,25.0,50.0,100.0,50.0,100.0,100.0,,0.0,50.0,100.0,100.0,0,17.5,75,100,7.5,50,100,100,17.5,37.5,87.5,100,0.17,0.33,0.50,0.50,0,1,1,1,0.5,1,1,1,0.5,0,0.5,1,1,0.5,0.5,1,1,1,1,0.5,0,0.5,1,0.5
320,3,T,NW,0.38,0.00,0.63,0.00,0.13,0.13,0.63,0.13,0.50,0.13,0.38,0.00,0.50,0.38,0.13,0.38,0.50,0.13,0.63,0.38,0.00,-0.13,78,,0,,95,0,0,0,68,0,13,,93,1,0,42,0,23,90,8,,0.0,13.3,41.7,97.5,0.0,0.0,75.0,,0.0,0.0,0.0,95.0,0.0,40.0,50.0,100.0,0,1.5,86.5,99.5,0,0,16,59,0,50,87,99.5,0.00,0.00,0.50,0.83,0,0,1,1,0,0,1,0.5,0,0.5,1,1,0,0.5,0.5,1,0.5,0.5,0,0.5,0.5,0,1,1
321,1,T,NW,0.50,0.00,0.50,0.00,0.50,0.00,0.38,0.13,0.13,0.00,0.88,0.00,0.88,0.13,0.00,0.50,0.38,0.13,0.25,0.25,0.50,0.38,95,,14,,84,,97,85,100,,23,,90,50,,88,30,100,50,50,85,28.3,50.0,83.3,100.0,0.0,50.0,100.0,100.0,85.0,100.0,100.0,100.0,0.0,0.0,50.0,100.0,50,100,100,,2.5,67.5,100,100,0,70,100,100,0.17,0.00,0.50,0.83,0.5,1,1,1,0,0.5,0.5,1,0.5,0,0.5,0,0.5,1,1,1,0.5,0,0.5,1,0,0,0.5,0.5
322,2,T,NW,0.50,0.00,0.50,0.00,0.63,0.13,0.25,0.00,0.88,0.00,0.13,0.00,0.88,0.00,0.13,0.75,0.13,0.13,0.50,0.13,0.38,0.25,95,,58,,93,0,45,,95,,70,,97,,100,97,100,70,100,80,100,50.0,80.0,100.0,100.0,50.0,70.0,100.0,100.0,30.0,70.0,100.0,,70.0,100.0,100.0,,90,100,100,100,75,100,100,100,90,100,100,100,0.17,0.50,1.00,1.00,1,0.5,1,1,0.5,0.5,1,1,0.5,0,1,0.5,1,1,0.5,1,0.5,0.5,1,1,0.5,0,0.5,1
323,3,T,NW,0.63,0.00,0.38,0.00,0.50,0.00,0.38,0.13,0.63,0.00,0.38,0.00,0.88,0.13,0.00,0.63,0.25,0.13,0.25,0.00,0.75,0.63,90,,53,,94,,2,50,95,,33,,100,0,,60,0,0,100,,92,23.3,76.7,100.0,100.0,70.0,80.0,100.0,100.0,0.0,50.0,100.0,100.0,0.0,100.0,100.0,100.0,50,100,100,100,0,0,50,100,75,100,100,100,0.17,0.33,0.83,1.00,0.5,1,1,1,0.5,0.5,0.5,1,0,0.5,0.5,0,1,0.5,1,1,0.5,0.5,0.5,1,0,0,0.5,0.5
324,1,T,NW,0.38,0.00,0.63,0.00,0.13,0.00,0.75,0.13,0.25,0.13,0.38,0.25,0.88,0.13,0.00,0.00,0.63,0.38,0.25,0.38,0.38,0.00,100,,28,,50,,65,50,100,0,75,65,84,90,,,88,90,100,73,100,20.0,60.0,98.3,100.0,0.0,50.0,100.0,100.0,10.0,50.0,100.0,100.0,50.0,80.0,95.0,,49.5,90,100,100,70,90,95,100,65,95,100,100,0.00,0.17,0.17,0.67,1,0.5,1,1,0,0,0,0,0,0,0.5,0.5,1,0.5,1,1,0,0,0,0,0,0.5,0.5,0
326,3,T,NW,0.63,0.00,0.38,0.00,0.50,0.13,0.25,0.13,0.38,0.13,0.50,0.00,1.00,0.00,0.00,0.75,0.13,0.13,0.00,0.00,1.00,0.88,86,,27,,88,0,20,20,99,0,0,,100,,,30,20,0,,,88,6.7,33.3,94.3,100.0,20.0,60.0,100.0,100.0,0.0,40.0,85.0,100.0,0.0,0.0,98.0,100.0,100,100,100,100,0,5,20,75,50,100,100,100,0.00,0.17,0.83,1.00,1,1,1,1,0.5,1,0.5,1,0,0,0,0,1,1,1,1,0.5,0.5,1,1,0,0,0,0
327,1,T,NW,0.25,0.13,0.63,0.00,0.25,0.00,0.75,0.00,0.25,0.00,0.63,0.13,0.75,0.25,0.00,0.63,0.13,0.25,0.25,0.38,0.38,0.13,100,0,76,,51,,68,,100,,45,50,93,60,,95,100,75,80,60,66,40.0,63.3,100.0,100.0,50.0,70.0,100.0,100.0,30.0,70.0,100.0,100.0,40.0,50.0,100.0,,60,85,100,,70,95,100,100,9,65,95,100,0.17,0.00,0.50,0.33,0.5,0.5,1,1,0.5,0.5,1,0.5,0,0.5,0.5,0,0.5,1,1,0.5,0.5,0.5,1,0.5,0.5,0.5,0,0
328,2,T,NW,0.13,0.38,0.38,0.13,0.50,0.13,0.38,0.00,0.75,0.00,0.25,0.00,0.50,0.13,0.38,0.63,0.38,0.00,0.88,0.13,0.00,0.00,20,0,32,10,91,0,20,,77,,88,,22,20,20,88,23,,60,30,,18.3,46.7,68.3,88.3,0.0,0.0,20.0,65.0,5.0,50.0,90.0,100.0,50.0,90.0,95.0,100.0,3,20,30,30,15,60,90,90,25,45,75,100,0.33,0.17,0.67,0.67,0.5,0.5,0.5,0.5,0,0.5,1,1,1,0.5,1,1,0,1,0.5,0.5,0,0.5,1,1,1,0.5,1,1
329,3,T,NW,0.63,0.00,0.38,0.00,0.38,0.13,0.50,0.00,0.25,0.25,0.50,0.00,0.88,0.00,0.13,0.88,0.13,0.00,0.50,0.25,0.25,0.25,80,,33,,45,0,150,,100,0,18,,89,,0,71,0,,89,63,50,0.0,33.3,58.3,100.0,0.0,100.0,100.0,100.0,0.0,0.0,25.0,,0.0,0.0,50.0,100.0,10,100,100,100,0,50,100,100,37.5,52,100,100,0.00,0.33,0.50,0.83,0.5,1,1,1,0.5,1,1,1,0,0.5,1,0.5,0.5,1,1,1,1,0.5,1,1,0.5,0.5,0,1
330,1,T,NW,0.50,0.00,0.50,0.00,0.38,0.00,0.50,0.13,0.25,0.00,0.63,0.13,1.00,0.00,0.00,1.00,0.00,0.00,0.13,0.13,0.75,0.75,88,,9,,87,,27,0,93,,9,100,93,,,84,,,75,60,98,0.0,14.7,88.3,96.7,0.0,34.0,100.0,100.0,0.0,10.0,80.0,90.0,0.0,0.0,85.0,100.0,72.5,97.5,100,100,52.5,92.5,100,100,67.5,92.5,100,100,0.00,0.00,0.67,0.83,1,1,1,1,1,1,1,1,0.5,0,0,0,1,1,1,1,1,1,1,1,0,0.5,0,0
331,2,T,NW,0.38,0.00,0.50,0.13,0.38,0.00,0.63,0.00,0.63,0.00,0.38,0.00,0.88,0.00,0.13,0.63,0.38,0.00,0.25,0.00,0.75,0.75,33,,10,0,60,,12,,62,,40,,93,,30,72,7,,100,,78,3.3,20.0,49.7,100.0,0.0,0.0,0.0,100.0,0.0,10.0,50.0,100.0,10.0,50.0,99.0,100.0,40,99.5,100,100,5,10,75,100,35,100,100,100,0.33,0.17,0.50,0.83,0.5,1,1,1,0,0.5,1,1,0,0.5,0.5,0,1,1,0.5,1,0,1,0.5,1,0.5,0,0,0.5
332,3,T,NW,0.75,0.00,0.13,0.13,0.13,0.00,0.75,0.13,0.38,0.25,0.38,0.00,0.88,0.00,0.13,0.50,0.38,0.13,0.38,0.25,0.38,0.25,98,,20,100,100,,65,,100,0,33,,86,,100,100,83,100,83,100,100,36.7,63.3,100.0,100.0,90.0,100.0,100.0,100.0,20.0,90.0,100.0,,0.0,0.0,100.0,100.0,50,100,100,100,75,100,100,100,75,100,100,100,0.17,0.33,0.50,0.67,1,0.5,1,1,0,0.5,1,0.5,0.5,0,0.5,0.5,1,1,0.5,1,0.5,0.5,0.5,0.5,0,0,0.5,1
200,1,NT,W,,,,,,,,,,,,,0.88,0.13,0.00,0.75,0.00,0.25,0.75,0.00,0.25,0.00,,,,,,,,,,,,,96,100,,83,,45,80,,75,,,,,,,,,,,,,,,,,85.0,100.0,100.0,100.0,2.5,90.0,100.0,100.0,50.0,75.0,90.0,100.0,,,,,1,1,1,0.5,0.5,0.5,1,1,1,0,1,1,,,,,,,,,,,,
201,2,NT,W,,,,,,,,,,,,,1.00,0.00,0.00,0.75,0.13,0.13,0.63,0.25,0.13,0.00,,,,,,,,,,,,,53,,,83,50,25,66,70,100,,,,,,,,,,,,,,,,,16.5,30.0,70.0,95.0,22.5,62.5,100.0,100.0,25.0,60.0,100.0,100.0,,,,,1,1,1,1,0.5,0.5,1,1,0.5,1,0.5,0.5,,,,,,,,,,,,
202,3,NT,W,,,,,,,,,,,,,0.63,0.13,0.25,0.50,0.13,0.38,0.75,0.13,0.13,-0.25,,,,,,,,,,,,,81,50,38,37,25,25,85,100,50,,,,,,,,,,,,,,,,,25.0,62.5,77.5,100.0,0.0,17.5,50.0,75.0,50.0,79.5,100.0,100.0,,,,,0,0.5,1,1,0,0.5,1,0.5,0.5,1,0.5,1,,,,,,,,,,,,
203,1,NT,W,,,,,,,,,,,,,0.88,0.13,0.00,0.75,0.00,0.25,0.38,0.25,0.38,0.13,,,,,,,,,,,,,87,,,93,,80,47,30,60,,,,,,,,,,,,,,,,,65.0,90.0,100.0,100.0,79.5,90.0,90.0,100.0,0.0,45.0,65.0,80.0,,,,,1,1,1,0.5,0,1,1,1,0.5,0.5,0,0.5,,,,,,,,,,,,
205,3,NT,W,,,,,,,,,,,,,0.88,0.13,0.00,0.38,0.50,0.13,0.38,0.50,0.13,0.00,,,,,,,,,,,,,82,20,,70,50,30,77,30,90,,,,,,,,,,,,,,,,,13.5,84.5,100.0,100.0,25.0,45.0,60.0,89.5,25.0,35.0,65.0,95.0,,,,,0.5,1,1,1,0,0.5,0.5,0.5,0,0,1,0.5,,,,,,,,,,,,
208,3,NT,W,,,,,,,,,,,,,1.00,0.00,0.00,0.63,0.25,0.13,0.75,0.00,0.25,0.13,,,,,,,,,,,,,79,,,80,65,70,77,,70,,,,,,,,,,,,,,,,,44.0,80.0,90.0,100.0,45.0,75.0,85.0,95.0,35.0,70.0,95.0,100.0,,,,,1,1,1,1,0.5,0.5,0.5,1,0.5,0.5,1,1,,,,,,,,,,,,
209,1,NT,W,,,,,,,,,,,,,0.63,0.25,0.13,0.63,0.38,0.00,0.88,0.00,0.13,0.13,,,,,,,,,,,,,82,65,50,100,35,,64,,80,,,,,,,,,,,,,,,,,19.0,75.0,100.0,100.0,2.5,100.0,100.0,100.0,20.0,55.0,90.0,100.0,,,,,0.5,0.5,0.5,1,0,1,0.5,1,1,1,0.5,1,,,,,,,,,,,,
210,2,NT,W,,,,,,,,,,,,,0.63,0.38,0.00,0.63,0.13,0.25,1.00,0.00,0.00,-0.25,,,,,,,,,,,,,87,67,,70,100,29,79,,,,,,,,,,,,,,,,,,,50.0,67.5,100.0,100.0,3.5,50.0,100.0,100.0,28.5,87.5,100.0,100.0,,,,,0,1,0.5,1,0.5,0.5,0.5,1,1,1,1,1,,,,,,,,,,,,
212,1,NT,W,,,,,,,,,,,,,0.75,0.25,0.00,0.75,0.13,0.13,0.38,0.50,0.13,0.00,,,,,,,,,,,,,71,38,,83,10,25,83,56,75,,,,,,,,,,,,,,,,,25.0,37.5,87.5,100.0,17.5,50.0,100.0,100.0,25.0,62.5,87.5,100.0,,,,,0.5,0.5,1,1,0,1,1,1,0,0.5,0.5,0.5,,,,,,,,,,,,
213,2,NT,W,,,,,,,,,,,,,0.63,0.13,0.25,0.63,0.25,0.13,0.50,0.25,0.25,0.13,,,,,,,,,,,,,80,20,60,84,25,50,73,75,50,,,,,,,,,,,,,,,,,20.0,70.0,100.0,100.0,20.0,40.0,100.0,100.0,45.0,60.0,90.0,100.0,,,,,0.5,0.5,1,0.5,0.5,0,1,1,1,0,0.5,0.5,,,,,,,,,,,,
214,3,NT,W,,,,,,,,,,,,,0.75,0.25,0.00,0.75,0.13,0.13,0.50,0.00,0.50,0.38,,,,,,,,,,,,,98,60,,38,20,0,100,,70,,,,,,,,,,,,,,,,,55.0,100.0,100.0,100.0,0.0,17.5,45.0,62.5,40.0,100.0,100.0,100.0,,,,,0.5,1,0.5,1,0.5,0.5,1,1,0,0.5,0.5,1,,,,,,,,,,,,
215,1,NT,W,,,,,,,,,,,,,1.00,0.00,0.00,0.63,0.25,0.13,0.38,0.13,0.50,0.38,,,,,,,,,,,,,86,,,75,38,50,53,75,75,,,,,,,,,,,,,,,,,50.0,95.0,100.0,100.0,30.0,50.0,70.0,100.0,30.0,62.5,75.0,100.0,,,,,1,1,1,1,0.5,0.5,0.5,1,0.5,0.5,0.5,0,,,,,,,,,,,,
216,2,NT,W,,,,,,,,,,,,,0.75,0.13,0.13,0.63,0.25,0.13,0.88,0.13,0.00,-0.13,,,,,,,,,,,,,75,100,100,100,75,100,67,100,,,,,,,,,,,,,,,,,,25.5,100.0,100.0,100.0,75.0,100.0,100.0,100.0,10.0,75.0,100.0,100.0,,,,,1,1,0,1,0,1,1,0.5,1,0.5,1,1,,,,,,,,,,,,
217,3,NT,W,,,,,,,,,,,,,1.00,0.00,0.00,0.50,0.38,0.13,0.50,0.25,0.25,0.13,,,,,,,,,,,,,71,,,90,37,10,95,55,75,,,,,,,,,,,,,,,,,9.0,75.0,100.0,100.0,5.0,45.0,90.0,100.0,45.0,75.0,100.0,100.0,,,,,1,1,1,1,0,0.5,0.5,1,0,0.5,1,0.5,,,,,,,,,,,,
218,1,NT,W,,,,,,,,,,,,,0.63,0.38,0.00,0.50,0.25,0.25,0.75,0.00,0.25,0.00,,,,,,,,,,,,,66,17,,78,35,10,73,,65,,,,,,,,,,,,,,,,,6.0,20.0,65.0,100.0,10.0,15.0,75.0,100.0,20.0,65.0,100.0,100.0,,,,,0.5,0,1,1,0,0.5,0.5,1,0.5,1,0.5,1,,,,,,,,,,,,
219,1,NT,W,,,,,,,,,,,,,0.75,0.25,0.00,0.88,0.13,0.00,0.25,0.00,0.75,0.75,,,,,,,,,,,,,79,81,,75,45,,85,,37,,,,,,,,,,,,,,,,,37.5,88.0,92.5,100.0,32.0,65.0,87.5,100.0,5.5,30.0,67.5,92.5,,,,,0.5,0.5,1,1,1,0.5,1,1,0,0,0.5,0.5,,,,,,,,,,,,
220,3,NT,W,,,,,,,,,,,,,0.63,0.25,0.13,0.50,0.38,0.13,0.75,0.13,0.13,0.00,,,,,,,,,,,,,99,65,99,63,50,99,93,75,50,,,,,,,,,,,,,,,,,64.5,99.0,99.0,99.5,20.0,52.5,77.5,99.0,62.5,85.0,94.5,100.0,,,,,0.5,0.5,0.5,1,0.5,0.5,1,0,0,1,1,1,,,,,,,,,,,,
221,1,NT,W,,,,,,,,,,,,,0.88,0.13,0.00,0.88,0.00,0.13,0.50,0.00,0.50,0.38,,,,,,,,,,,,,96,75,,76,,100,85,,75,,,,,,,,,,,,,,,,,75.0,100.0,100.0,100.0,16.5,100.0,100.0,100.0,45.0,75.0,100.0,100.0,,,,,0.5,1,1,1,1,0.5,1,1,0.5,0.5,0.5,0.5,,,,,,,,,,,,
222,2,NT,W,,,,,,,,,,,,,0.88,0.00,0.13,0.75,0.25,0.00,0.88,0.00,0.13,0.13,,,,,,,,,,,,,52,,0,66,63,,97,,85,,,,,,,,,,,,,,,,,0.0,17.5,66.0,97.5,0.0,62.5,97.5,100.0,82.5,100.0,100.0,100.0,,,,,0.5,1,1,1,1,0,1,1,0.5,1,1,1,,,,,,,,,,,,
223,3,NT,W,,,,,,,,,,,,,1.00,0.00,0.00,0.75,0.25,0.00,0.75,0.13,0.13,0.13,,,,,,,,,,,,,91,,,60,38,,94,50,75,,,,,,,,,,,,,,,,,75.0,90.0,100.0,100.0,15.0,32.5,70.0,100.0,62.5,82.5,100.0,100.0,,,,,1,1,1,1,1,0.5,0.5,1,0.5,0.5,1,1,,,,,,,,,,,,
225,2,NT,W,,,,,,,,,,,,,0.50,0.25,0.25,0.63,0.38,0.00,0.50,0.25,0.25,0.25,,,,,,,,,,,,,100,38,75,97,75,,100,100,75,,,,,,,,,,,,,,,,,37.5,75.0,100.0,100.0,62.5,92.5,100.0,100.0,75.0,100.0,100.0,100.0,,,,,0,0.5,1,0.5,0,1,1,0.5,0,1,0,1,,,,,,,,,,,,
226,3,NT,W,,,,,,,,,,,,,0.88,0.13,0.00,0.63,0.25,0.13,0.75,0.00,0.25,0.13,,,,,,,,,,,,,77,20,,48,35,10,73,,35,,,,,,,,,,,,,,,,,20.0,60.0,100.0,100.0,5.0,20.0,35.0,100.0,15.0,40.0,100.0,100.0,,,,,0.5,1,1,1,0.5,0.5,0.5,1,0.5,0.5,1,1,,,,,,,,,,,,
228,2,NT,W,,,,,,,,,,,,,0.88,0.00,0.13,0.75,0.25,0.00,0.38,0.13,0.50,0.50,,,,,,,,,,,,,64,,0,85,50,,87,20,29,,,,,,,,,,,,,,,,,2.5,40.0,80.0,100.0,5.0,100.0,100.0,100.0,2.5,15.0,80.0,100.0,,,,,0.5,1,1,1,0.5,0.5,1,1,0,0,1,0.5,,,,,,,,,,,,
229,3,NT,W,,,,,,,,,,,,,0.75,0.13,0.13,0.75,0.13,0.13,0.88,0.13,0.00,-0.13,,,,,,,,,,,,,83,50,0,80,50,0,71,75,,,,,,,,,,,,,,,,,,25.0,50.0,100.0,100.0,12.5,67.5,95.0,100.0,28.5,75.0,82.5,100.0,,,,,0.5,0.5,1,1,0.5,0.5,1,1,1,0.5,1,1,,,,,,,,,,,,
230,1,NT,W,,,,,,,,,,,,,0.63,0.13,0.25,0.75,0.13,0.13,0.63,0.00,0.38,0.25,,,,,,,,,,,,,90,0,90,88,,70,76,,97,,,,,,,,,,,,,,,,,25.0,90.0,100.0,100.0,60.0,100.0,100.0,,40.0,95.0,100.0,100.0,,,,,0.5,0.5,0.5,1,0.5,1,1,0.5,1,0,0.5,1,,,,,,,,,,,,
231,2,NT,W,,,,,,,,,,,,,0.63,0.25,0.13,0.75,0.13,0.13,0.50,0.13,0.38,0.25,,,,,,,,,,,,,100,90,100,100,100,50,94,100,100,,,,,,,,,,,,,,,,,90.0,100.0,100.0,100.0,75.0,100.0,100.0,100.0,87.5,100.0,100.0,100.0,,,,,0.5,0.5,0.5,1,0.5,1,0.5,1,1,0.5,0,0.5,,,,,,,,,,,,
232,3,NT,W,,,,,,,,,,,,,0.88,0.00,0.13,0.63,0.13,0.25,0.63,0.13,0.25,0.00,,,,,,,,,,,,,100,,50,68,50,50,100,50,50,,,,,,,,,,,,,,,,,75.0,100.0,100.0,100.0,20.0,50.0,75.0,100.0,50.0,75.0,100.0,100.0,,,,,0.5,1,1,1,1,0,0.5,1,0,0.5,1,1,,,,,,,,,,,,
400,1,T,W,0.75,0.00,0.25,0.00,0.88,0.00,0.13,0.00,0.63,0.00,0.38,0.00,0.88,0.13,0.00,0.88,0.13,0.00,0.63,0.25,0.13,0.13,97,,80,,94,,0,,81,,0,,83,75,,94,100,,90,75,75,56.7,88.3,98.3,100.0,90.0,100.0,100.0,,80.0,90.0,100.0,100.0,0.0,75.0,95.0,,37.5,97.5,100,100,82.5,95,100,100,75,75,90,97.5,0.33,1.00,1.00,0.67,0.5,1,1,1,1,1,0.5,1,0.5,0,1,1,0.5,1,1,1,1,1,0.5,1,0,0.5,1,1
401,2,T,W,0.00,0.25,0.63,0.13,0.38,0.25,0.38,0.00,0.38,0.00,0.50,0.13,0.63,0.25,0.13,0.75,0.25,0.00,0.75,0.13,0.13,0.13,,0,48,40,90,0,20,,70,,63,90,40,50,50,58,30,,84,60,90,10.0,50.0,90.0,100.0,0.0,40.0,90.0,,0.0,20.0,80.0,100.0,30.0,90.0,100.0,,10,50,50,65,5,45,90,100,65,80,90,92.5,0.17,0.00,0.33,0.50,1,0,0.5,1,1,0.5,1,0.5,0.5,0.5,1,1,0.5,0.5,1,0.5,1,0.5,0.5,1,1,0,1,1
402,3,T,W,0.75,0.00,0.13,0.13,0.50,0.00,0.50,0.00,0.50,0.00,0.50,0.00,0.88,0.13,0.00,0.88,0.13,0.00,0.75,0.13,0.13,0.13,100,,100,100,100,,25,,100,,88,,100,100,,74,50,,100,100,100,66.7,100.0,100.0,100.0,100.0,100.0,100.0,100.0,0.0,100.0,100.0,100.0,100.0,100.0,100.0,100.0,100,100,100,100,7.5,75,100,100,100,100,100,100,0.50,0.67,0.83,0.33,1,1,0.5,1,1,0.5,1,1,1,0.5,0.5,1,1,1,0.5,1,1,0.5,1,1,0.5,1,1,0.5
403,1,T,W,0.38,0.00,0.63,0.00,0.63,0.00,0.25,0.13,0.25,0.13,0.63,0.00,0.63,0.38,0.00,0.63,0.25,0.13,0.38,0.25,0.38,0.25,83,,42,,70,,10,4,95,0,22,,72,40,,80,35,70,67,35,33,14.7,50.0,56.7,93.3,40.0,60.0,70.0,100.0,4.0,60.0,70.0,80.0,0.0,30.0,30.0,100.0,10,50,80,100,35,65,70,100,15,25,55,90,0.00,0.17,0.50,1.00,0.5,0.5,0.5,1,0.5,0.5,0.5,1,0.5,0,0,1,1,0,0.5,1,0,0.5,1,1,0.5,0,0,1
404,2,T,W,0.50,0.00,0.38,0.13,0.25,0.13,0.63,0.00,0.13,0.00,0.88,0.00,0.88,0.00,0.13,0.50,0.00,0.50,0.25,0.00,0.75,0.25,38,,37,30,100,0,35,,100,,24,,65,,10,85,,23,90,,32,0.0,23.3,60.0,100.0,0.0,20.0,40.0,100.0,0.0,40.0,100.0,,0.0,10.0,40.0,100.0,10,50,90,100,16,30,70,100,0,10,80,95,0.17,0.17,0.33,0.50,0.5,1,1,1,0,0,1,1,0,0,0.5,0.5,0.5,1,1,1,0.5,0,0.5,1,0,0,0.5,0.5
405,3,T,W,0.75,0.00,0.25,0.00,0.63,0.00,0.25,0.13,0.75,0.13,0.13,0.00,1.00,0.00,0.00,0.63,0.25,0.13,0.88,0.00,0.13,0.00,71,,50,,90,,35,0,73,0,0,,81,,,80,50,50,94,,50,2.3,56.7,100.0,100.0,7.0,60.0,100.0,100.0,0.0,70.0,100.0,100.0,0.0,40.0,100.0,100.0,25.5,100,100,100,25,50,100,100,55,100,100,100,0.33,0.67,1.00,0.83,1,1,1,1,0.5,0,1,1,0.5,1,1,1,1,1,1,1,0.5,0.5,0.5,1,0.5,1,1,1
406,1,T,W,0.50,0.25,0.25,0.00,0.38,0.00,0.63,0.00,0.38,0.00,0.63,0.00,0.75,0.13,0.13,0.63,0.38,0.00,0.50,0.13,0.38,0.38,98,0,25,,53,,18,,55,,8,,92,40,50,78,60,,73,40,50,0.0,25.0,66.7,100.0,0.0,50.0,100.0,100.0,0.0,20.0,40.0,100.0,0.0,5.0,60.0,,45,75,100,100,50,60,75,100,40,50,50,100,0.00,0.33,0.50,0.83,0,1,1,1,0.5,0.5,0.5,1,0.5,0.5,0,1,0.5,0.5,1,1,0,1,0.5,1,0,0.5,1,0.5
407,2,T,W,0.38,0.38,0.25,0.00,0.63,0.13,0.25,0.00,0.38,0.13,0.50,0.00,0.63,0.38,0.00,0.50,0.25,0.25,0.50,0.50,0.00,-0.25,83,0,25,,75,0,0,,50,0,93,,100,0,,75,25,40,95,55,,0.3,56.7,100.0,100.0,0.0,50.0,100.0,,0.0,50.0,100.0,,1.0,70.0,100.0,100.0,0,50,100,100,0,40,75,100,10,92.5,100,100,0.17,0.67,0.50,0.50,0,0.5,1,1,0.5,0,0.5,1,0,0.5,0.5,1,0.5,0.5,1,0.5,0,0.5,1,0.5,0.5,0.5,0.5,0.5
408,3,T,W,0.25,0.00,0.75,0.00,0.50,0.00,0.38,0.13,0.50,0.00,0.50,0.00,0.75,0.25,0.00,0.63,0.13,0.25,0.63,0.25,0.13,-0.13,75,,23,,43,,22,6,75,,6,,78,70,,78,0,50,63,50,20,2.7,8.7,60.0,100.0,3.0,9.0,50.0,100.0,5.0,8.0,40.0,100.0,0.0,9.0,90.0,100.0,40,70,95,100,25,55,65,100,10.5,40,85,100,0.17,0.33,0.33,0.83,0.5,0.5,1,1,0,0.5,1,1,0.5,0.5,0.5,1,0.5,1,0.5,1,1,0.5,0,1,0.5,0.5,0.5,1
409,1,T,W,0.50,0.00,0.50,0.00,0.25,0.00,0.75,0.00,0.50,0.13,0.38,0.00,0.75,0.13,0.13,0.75,0.25,0.00,0.50,0.00,0.50,0.50,63,,67,,50,,58,,93,0,80,,100,100,0,92,100,,88,,100,23.3,73.3,100.0,100.0,20.0,80.0,100.0,,0.0,50.0,100.0,100.0,50.0,90.0,100.0,100.0,50,100,100,100,75,100,100,100,75,100,100,100,0.33,0.33,0.83,0.17,0,1,1,1,0.5,1,0.5,1,0.5,0.5,0.5,0.5,1,0.5,1,0.5,1,0,1,1,0.5,0,1,0.5
410,2,T,W,0.38,0.25,0.38,0.00,0.38,0.00,0.63,0.00,0.13,0.13,0.75,0.00,0.75,0.00,0.25,0.50,0.38,0.13,0.50,0.38,0.13,0.00,77,0,20,,98,,44,,70,0,55,,67,,20,85,10,30,63,45,0,16.7,50.0,81.7,97.5,10.0,30.0,80.0,,30.0,70.0,95.0,100.0,10.0,50.0,70.0,95.0,25,50,85,100,5,25,70,100,15,60,65,,0.00,0.00,0.67,0.50,0.5,1,1,0.5,0,0,1,1,0,1,0.5,0.5,0.5,1,0.5,1,0.5,0,0.5,1,1,0.5,0.5,0
411,3,T,W,0.63,0.00,0.38,0.00,0.13,0.00,0.75,0.13,0.38,0.00,0.63,0.00,0.88,0.13,0.00,0.50,0.38,0.13,0.50,0.00,0.50,0.38,74,,25,,100,,38,80,87,,29,,89,70,,73,40,100,88,,55,25.3,36.7,80.0,100.0,40.0,40.0,100.0,,20.0,40.0,80.0,100.0,16.0,30.0,60.0,100.0,55,90,100,100,15,50,90,100,45,60,80,100,0.00,0.33,0.50,0.67,0.5,1,1,1,0.5,0.5,0.5,0.5,0.5,0,0.5,1,0.5,1,1,1,1,0,0.5,0.5,0,0.5,0.5,1
413,2,T,W,0.13,0.13,0.75,0.00,0.50,0.13,0.38,0.00,0.63,0.00,0.25,0.13,0.63,0.25,0.13,0.63,0.38,0.00,0.88,0.00,0.13,0.13,100,0,53,,77,,60,,100,,10,15,40,75,100,100,73,,97,,,15.0,80.0,100.0,100.0,0.0,40.0,100.0,100.0,30.0,100.0,100.0,,15.0,100.0,100.0,100.0,4.5,40,80,100,60,100,100,100,90,100,100,100,0.17,0.33,0.67,0.50,1,0.5,0.5,0.5,0,1,1,0.5,1,1,1,0.5,1,1,0.5,0,0.5,1,0.5,0.5,0.5,1,1,1
414,3,T,W,0.75,0.00,0.25,0.00,0.50,0.00,0.38,0.13,0.75,0.00,0.25,0.00,0.75,0.25,0.00,0.63,0.25,0.13,0.38,0.00,0.63,0.50,58,,50,,50,,0,0,67,,0,,100,100,,100,50,100,100,,67,0.0,16.7,66.7,100.0,0.0,50.0,100.0,100.0,0.0,0.0,0.0,100.0,0.0,0.0,100.0,100.0,100,100,100,,50,100,100,100,50,100,100,,0.50,0.67,0.50,1.00,0.5,0.5,1,1,0.5,0.5,0.5,1,0.5,0.5,0.5,0,1,0.5,0.5,1,1,0.5,0,1,0,0,0.5,1
415,1,T,W,0.50,0.13,0.38,0.00,0.75,0.13,0.13,0.00,0.50,0.25,0.13,0.13,0.88,0.13,0.00,1.00,0.00,0.00,0.63,0.00,0.38,0.38,83,0,25,,216,0,55,,100,0,81,58,92,60,,88,,,92,,56,18.3,72.0,96.7,100.0,0.0,50.0,100.0,,55.0,85.0,90.0,,0.0,81.0,100.0,100.0,66,87.5,100,100,52.5,100,100,100,42.5,70.5,100,100,0.00,0.50,0.83,1.00,0.5,1,1,1,1,1,1,1,0,0.5,1,1,0.5,1,1,1,1,1,1,1,0.5,0,1,1
416,2,T,W,0.38,0.25,0.25,0.13,0.38,0.50,0.13,0.00,0.50,0.25,0.25,0.00,0.63,0.25,0.13,0.63,0.38,0.00,0.50,0.25,0.25,0.25,100,,75,100,100,,50,,100,,75,,71,75,100,90,67,,100,75,50,83.3,100.0,100.0,,100.0,100.0,100.0,,50.0,100.0,,,100.0,100.0,100.0,,27.5,75,100,100,25,100,100,100,50,75,100,100,0.33,0.83,0.50,0.00,1,0.5,0.5,0.5,0.5,1,0.5,0.5,0,0.5,0.5,1,0,1,0.5,1,0.5,1,0,1,0.5,0.5,1,0
417,3,T,W,0.63,0.13,0.13,0.13,0.38,0.38,0.25,0.00,0.38,0.13,0.50,0.00,0.75,0.00,0.25,0.50,0.38,0.13,0.50,0.25,0.25,0.13,69,0,0,50,60,0,0,,83,0,18,,76,,25,63,33,50,79,50,63,0.0,23.3,68.3,90.0,0.0,50.0,80.0,90.0,0.0,0.0,50.0,80.0,0.0,20.0,75.0,100.0,0.5,62.5,90,100,0,50,62.5,87.5,50,50,75,95,0.00,0.17,0.67,1.00,0.5,0.5,1,1,0.5,0,0.5,1,0.5,0,0.5,1,0.5,0.5,1,1,0,0.5,0.5,1,0,0,1,1
418,1,T,W,0.25,0.00,0.63,0.13,0.50,0.00,0.50,0.00,0.50,0.00,0.38,0.13,0.75,0.25,0.00,0.88,0.00,0.13,0.88,0.00,0.13,0.00,100,,45,25,93,,43,,88,,33,25,83,41,,93,,25,83,,7,25.0,48.3,100.0,100.0,25.0,25.0,100.0,100.0,25.0,70.0,100.0,100.0,25.0,50.0,100.0,100.0,28.5,75,87.5,100,50,87.5,100,100,28.5,75,100,100,0.00,0.33,0.50,0.83,0.5,1,0.5,1,0.5,1,1,1,0.5,1,1,1,1,0.5,1,0.5,0.5,1,1,1,1,0.5,1,1
419,2,T,W,0.00,0.63,0.25,0.13,0.63,0.25,0.13,0.00,0.75,0.13,0.00,0.13,0.88,0.00,0.13,0.63,0.38,0.00,0.75,0.00,0.25,0.25,,78,20,80,86,100,90,,88,100,,100,55,,70,94,80,,74,,60,56.7,93.3,100.0,100.0,10.0,80.0,100.0,100.0,90.0,100.0,100.0,100.0,70.0,100.0,100.0,100.0,18.5,55,70,85,70,85,100,100,10.5,70,100,100,0.50,0.50,0.67,0.17,1,1,0.5,1,0.5,0.5,0.5,1,0.5,1,0.5,1,1,0.5,1,1,0,1,1,0.5,1,0.5,1,0.5
420,3,T,W,0.00,0.00,0.88,0.13,0.63,0.00,0.25,0.13,0.75,0.00,0.25,0.00,0.63,0.25,0.13,0.75,0.13,0.13,0.63,0.13,0.25,0.13,,,35,90,68,,10,60,58,,30,,22,55,90,57,90,70,65,45,40,16.7,36.7,69.3,92.7,0.0,15.0,70.0,98.0,20.0,50.0,60.0,100.0,30.0,45.0,78.0,80.0,15,25,40,75,25,60,75,90,37.5,47.5,55,85,0.17,0.50,0.50,0.67,1,1,0.5,0,1,0.5,1,0.5,0,0.5,1,1,1,1,0.5,0,0.5,1,0.5,1,0,0.5,1,1
421,1,T,W,0.75,0.00,0.25,0.00,0.63,0.00,0.38,0.00,0.25,0.25,0.25,0.25,1.00,0.00,0.00,0.75,0.13,0.13,0.25,0.25,0.50,0.38,71,,1,,68,,1,,75,0,0,51,85,,,68,0,0,100,2,50,0.7,23.3,73.3,100.0,2.0,50.0,100.0,,0.0,20.0,70.0,100.0,0.0,0.0,50.0,100.0,40,100,100,100,0,3,100,100,0,26.5,75,100,0.00,0.50,0.83,0.83,1,1,1,1,0,1,1,1,0,0,0.5,0.5,1,1,1,1,0,1,1,1,0,0,0.5,0.5
422,2,T,W,0.63,0.00,0.25,0.13,0.38,0.13,0.50,0.00,0.63,0.13,0.25,0.00,0.88,0.13,0.00,0.75,0.25,0.00,0.75,0.25,0.00,0.00,76,,88,,100,0,55,,100,,90,,99,70,,100,75,,100,75,,46.7,81.7,100.0,100.0,60.0,75.0,100.0,,0.0,70.0,100.0,100.0,80.0,100.0,100.0,,82.5,100,100,100,75,100,100,100,75,100,100,100,0.33,0.50,0.83,0.50,0.5,1,1,1,0.5,0.5,1,1,0.5,1,1,0.5,1,1,1,0.5,1,0.5,0.5,1,0.5,1,1,0.5
423,3,T,W,0.75,0.13,0.13,0.00,0.38,0.25,0.38,0.00,0.63,0.13,0.25,0.00,1.00,0.00,0.00,0.88,0.00,0.13,0.88,0.13,0.00,-0.13,57,0,0,,76,0,17,,74,0,65,,76,,,64,,10,72,50,,13.3,20.0,76.7,96.3,0.0,20.0,90.0,90.0,0.0,0.0,50.0,99.0,40.0,40.0,90.0,100.0,29.5,78,99,99,5,50,75,99,50,50,79.5,99,0.17,0.50,0.67,1.00,1,1,1,1,0.5,1,1,1,0.5,1,1,1,1,1,1,1,1,1,0.5,1,1,1,0.5,1
424,1,T,W,0.38,0.13,0.50,0.00,0.63,0.13,0.13,0.13,0.75,0.00,0.13,0.13,0.75,0.25,0.00,0.88,0.13,0.00,0.63,0.13,0.25,0.25,75,0,36,,100,0,100,100,70,,30,20,44,80,,75,100,,70,,25,41.0,50.0,100.0,100.0,3.0,20.0,100.0,,100.0,100.0,100.0,100.0,20.0,30.0,100.0,100.0,0.5,39.5,100,100,25.5,100,100,100,11,40,100,100,0.50,0.17,0.83,0.83,1,0.5,0.5,1,1,1,0.5,1,0.5,0.5,1,0.5,0.5,0.5,1,1,1,1,1,0.5,1,0,1,0.5
425,2,T,W,0.50,0.13,0.25,0.13,0.38,0.25,0.38,0.00,0.38,0.00,0.50,0.13,0.75,0.13,0.13,0.50,0.38,0.13,0.50,0.38,0.13,0.00,63,0,41,100,77,2,45,,97,,43,100,88,90,40,100,40,100,90,73,100,2.3,63.3,96.7,100.0,1.0,60.0,90.0,100.0,4.0,40.0,100.0,,2.0,90.0,100.0,100.0,40,90,100,100,10,100,100,100,55,85,100,100,0.17,0.50,0.67,0.33,0.5,0.5,1,1,0,0.5,0.5,1,0.5,0,0.5,1,1,1,0.5,0.5,0,0.5,0.5,1,0.5,0.5,1,0
426,3,T,W,0.63,0.25,0.13,0.00,0.38,0.13,0.50,0.00,0.50,0.25,0.25,0.00,1.00,0.00,0.00,0.63,0.38,0.00,0.63,0.00,0.38,0.38,256,0,50,,83,0,28,,85,0,50,,91,,,76,60,,72,,52,6.7,50.0,76.7,100.0,0.0,80.0,90.0,,20.0,20.0,50.0,100.0,0.0,50.0,90.0,100.0,65,100,100,100,50,55,80,95,28,50,80,100,0.00,0.33,0.67,1.00,1,1,1,1,0.5,0.5,0.5,1,0.5,0.5,1,0.5,1,1,1,1,0.5,0.5,0.5,1,0.5,0,1,1
427,1,T,W,0.88,0.00,0.13,0.00,0.63,0.00,0.25,0.13,0.25,0.00,0.75,0.00,1.00,0.00,0.00,0.63,0.25,0.13,0.13,0.25,0.63,0.50,87,,50,,100,,58,60,50,,52,,100,,,100,25,100,50,50,80,36.7,83.3,100.0,100.0,50.0,100.0,100.0,100.0,60.0,100.0,100.0,100.0,0.0,50.0,100.0,100.0,100,100,100,100,25,100,100,100,0,75,100,100,0.17,0.83,0.67,0.67,1,1,1,1,0,0.5,1,1,0,0.5,0,0,1,1,1,1,0,1,1,0.5,0,0,0,0.5
428,2,T,W,0.38,0.13,0.25,0.25,0.50,0.13,0.38,0.00,0.75,0.00,0.25,0.00,0.63,0.25,0.13,0.75,0.13,0.13,0.63,0.38,0.00,-0.13,97,0,35,65,65,0,38,,73,,8,,88,25,90,73,90,60,84,47,,15.0,38.3,86.7,100.0,30.0,40.0,90.0,100.0,0.0,25.0,90.0,100.0,15.0,50.0,80.0,100.0,25,70,95,100,25,75,95,100,25,60,95,100,0.00,0.50,0.67,1.00,0,1,0.5,1,1,0.5,0.5,1,0.5,0.5,0.5,1,0.5,0.5,0.5,1,0.5,1,0.5,1,0,0.5,1,1
429,3,T,W,0.50,0.25,0.25,0.00,0.50,0.25,0.25,0.00,0.50,0.13,0.38,0.00,0.88,0.13,0.00,0.63,0.13,0.25,0.75,0.00,0.25,0.00,93,0,100,,95,0,40,,90,0,30,,87,0,,60,70,0,75,,63,3.3,63.3,96.7,100.0,0.0,90.0,100.0,,0.0,50.0,100.0,100.0,10.0,50.0,90.0,100.0,40,80,90,100,0,0,85,100,45,62.5,85,95,0.00,0.33,1.00,0.67,0.5,1,1,1,1,0,0.5,1,1,0,1,1,0.5,1,1,1,1,0,0.5,1,0.5,0.5,1,1
430,1,T,W,0.75,0.00,0.25,0.00,0.88,0.00,0.13,0.00,0.63,0.13,0.25,0.00,0.88,0.13,0.00,0.75,0.25,0.00,0.50,0.13,0.38,0.38,50,,50,,71,,0,,75,0,0,,87,50,,84,25,,100,20,7,0.0,50.0,93.3,100.0,0.0,50.0,80.0,100.0,0.0,100.0,100.0,100.0,0.0,0.0,100.0,100.0,50,80,100,100,10,75,100,100,0,20,100,100,0.67,0.50,0.83,1.00,0.5,1,1,1,0.5,0.5,1,1,0,0,1,1,1,1,0.5,1,0.5,0.5,1,1,0,0,1,1
431,2,T,W,0.25,0.13,0.50,0.13,0.25,0.25,0.50,0.00,0.63,0.13,0.13,0.13,0.25,0.38,0.38,0.63,0.38,0.00,0.75,0.00,0.25,0.25,30,0,0,0,80,0,18,,74,0,0,50,35,0,13,80,53,,50,,45,0.0,16.7,50.0,75.0,0.0,0.0,0.0,50.0,0.0,0.0,70.0,,0.0,50.0,80.0,100.0,0,0,0,55,25,65,90,100,0,4.5,90,100,0.00,0.17,0.50,0.83,0,0.5,0,0.5,0.5,0.5,0.5,1,1,0.5,0.5,1,0.5,0,0,0.5,0,0.5,1,1,1,0,1,1
432,3,T,W,0.25,0.13,0.63,0.00,0.50,0.13,0.13,0.25,0.13,0.38,0.38,0.13,0.88,0.13,0.00,0.50,0.00,0.50,0.38,0.13,0.50,0.00,70,0,45,,43,0,30,24,990,0,55,20,74,50,,45,,41,80,20,65,9.0,33.3,58.3,90.0,20.0,50.0,75.0,,7.0,30.0,40.0,90.0,0.0,20.0,60.0,,50,57.5,75,100,6.5,25,50,90,35,65,80,80,0.00,0.50,0.17,0.50,0.5,1,1,1,0.5,0.5,0.5,0.5,0,0,0.5,1,0.5,1,1,1,0,0.5,0.5,1,0,0,0.5,1
433,1,T,W,0.50,0.25,0.25,0.00,0.50,0.13,0.25,0.13,0.25,0.13,0.63,0.00,0.63,0.38,0.00,0.63,0.25,0.13,0.38,0.13,0.50,0.38,85,,15,,63,,60,90,85,,16,,89,50,,93,90,99,73,40,50,20.0,56.7,90.0,,20.0,80.0,100.0,,30.0,70.0,90.0,,10.0,20.0,80.0,,40,70,89.5,99,75,99,99,,20,40,80,89.5,0.17,0.67,0.50,0.33,0,0.5,1,1,0.5,1,0.5,0.5,0,0.5,0,1,0,1,1,0.5,0.5,1,0,1,0.5,0,0.5,0.5
,,,,,,,,,,,,,,,,,,,,,,,,,,,,,,,,,,,,,,,,,,,,,,,,,,,,,,,,,,,,,,,,,,,,,,,,,,,,,,,,,,,,,,,,,,,,,,,,,,,,,,
